chipped:acacia_planks_1,chipped:stacked_acacia_planks
chipped:acacia_planks_2,chipped:hewn_acacia_planks
chipped:acacia_planks_3,chipped:vertically_railed_acacia_planks
chipped:acacia_planks_5,chipped:detailed_acacia_planks
chipped:acacia_planks_6,chipped:bricky_acacia_planks
chipped:acacia_planks_8,chipped:wickered_acacia_planks
chipped:acacia_planks_9,chipped:shifted_acacia_planks
chipped:acacia_planks_10,chipped:thin_acacia_planks
chipped:acacia_planks_12,chipped:boxed_acacia_planks
chipped:acacia_planks_14,chipped:polished_acacia_planks
chipped:acacia_planks_15,chipped:vertical_acacia_planks
chipped:acacia_planks_16,chipped:acacia_planks_panel
chipped:acacia_planks_16,chipped:cornered_acacia_planks
chipped:acacia_planks_16,chipped:crated_acacia_planks
chipped:acacia_planks_16,chipped:enclosed_acacia_planks
chipped:acacia_planks_16,chipped:framed_acacia_planks
chipped:acacia_planks_16,chipped:natural_acacia_planks
chipped:acacia_planks_16,chipped:pegged_acacia_planks
chipped:acacia_planks_16,chipped:smooth_acacia_planks
chipped:acacia_planks_16,chipped:whirlwind_acacia_planks
chipped:acacia_planks_17,chipped:diagonal_acacia_planks
chipped:acacia_planks_18,chipped:basket_woven_acacia_planks
chipped:acacia_planks_19,chipped:acacia_planks_shavings
chipped:acacia_planks_20,chipped:railed_acacia_planks
chipped:acacia_planks_21,chipped:acacia_planks_mosaic
chipped:acacia_planks_23,chipped:brick_bond_acacia_planks
chipped:acacia_planks_24,chipped:cross_laced_acacia_planks
chipped:acacia_planks_25,chipped:crossed_acacia_planks
chipped:acacia_planks_26,chipped:diamond_acacia_planks
chipped:acacia_planks_27,chipped:double_herringbone_acacia_planks
chipped:acacia_planks_28,chipped:fine_acacia_planks
chipped:acacia_planks_29,chipped:fine_vertical_acacia_planks
chipped:acacia_planks_30,chipped:herringbone_acacia_planks
chipped:acacia_planks_31,chipped:laced_acacia_planks
chipped:acacia_planks_32,chipped:nailed_acacia_planks
chipped:acacia_planks_35,chipped:slanted_acacia_planks
chipped:acacia_planks_36,chipped:tiled_acacia_planks
chipped:acacia_planks_37,chipped:versailles_acacia_planks