chipped:bricks_1,chipped:polished_bricks
chipped:bricks_2,chipped:tiny_brick_bordered_bricks
chipped:bricks_3,chipped:engraved_bricks
chipped:bricks_4,chipped:bricks_pillar_top
chipped:bricks_5,chipped:unamused_bricks
chipped:bricks_6,chipped:thick_inlayed_bricks
chipped:bricks_7,chipped:rough_bricks
chipped:bricks_8,chipped:layed_bricks_bricks
chipped:bricks_9,chipped:pillar_bricks_bricks
chipped:bricks_10,chipped:tiny_layered_bricks_bricks
chipped:bricks_11,chipped:spider_bricks_carving
chipped:bricks_12,chipped:duh_bricks
chipped:bricks_13,chipped:brick_bordered_bricks
chipped:bricks_14,chipped:offset_bricks_bricks
chipped:bricks_15,chipped:bricks_bricks
chipped:bricks_16,chipped:bricks_mini_tiles
chipped:bricks_17,chipped:sad_bricks
chipped:bricks_18,chipped:crying_bricks
chipped:bricks_19,chipped:cut_blank_bricks
chipped:bricks_20,chipped:glad_bricks
chipped:bricks_21,chipped:cobbled_bricks
chipped:bricks_22,chipped:edged_bricks_bricks
chipped:bricks_23,chipped:creeper_bricks_carving
chipped:bricks_24,chipped:eroded_bricks
chipped:bricks_25,chipped:etched_bricks_bricks
chipped:bricks_26,chipped:flat_bricks_tiles
chipped:bricks_27,chipped:inlayed_bricks
chipped:bricks_28,chipped:inscribed_bricks
chipped:bricks_29,chipped:bordered_bricks
chipped:bricks_30,chipped:loded_bricks
chipped:bricks_31,chipped:cracked_disordered_bricks_bricks
chipped:bricks_32,chipped:overlapping_bricks_tiles
chipped:bricks_33,chipped:cracked_bricks_bricks
chipped:bricks_34,chipped:cracked_flat_bricks_tiles
chipped:bricks_35,chipped:prismal_bricks_remnants
chipped:bricks_36,chipped:blank_bricks_carving
chipped:bricks_37,chipped:rounded_bricks_bricks
chipped:bricks_38,chipped:runic_carved_bricks
chipped:bricks_39,chipped:cut_bricks_column
chipped:bricks_40,chipped:sanded_bricks
chipped:bricks_41,chipped:small_bricks_bricks
chipped:bricks_42,chipped:smooth_bricks_column
chipped:bricks_43,chipped:smooth_inlayed_bricks
chipped:bricks_44,chipped:smooth_ringed_bricks
chipped:bricks_45,chipped:smoothed_double_inlayed_bricks
chipped:bricks_46,chipped:checkered_bricks_tiles
chipped:bricks_47,chipped:spiraled_bricks
chipped:bricks_48,chipped:stacked_bricks_bricks
chipped:bricks_49,chipped:angry_bricks
chipped:bricks_50,chipped:tiled_bricks
chipped:bricks_51,chipped:tiled_bricks_column
chipped:bricks_52,chipped:tiled_bordered_bricks
chipped:bricks_53,chipped:tiny_bricks_bricks
chipped:bricks_54,chipped:carved_bricks
chipped:bricks_55,chipped:tiny_layered_bricks_slabs
chipped:bricks_56,chipped:simple_bricks_pillar
chipped:bricks_57,chipped:trodden_bricks
chipped:bricks_58,chipped:bricks_scales
chipped:bricks_59,chipped:vertical_cut_bricks
chipped:bricks_60,chipped:vertical_disordered_bricks_bricks
chipped:bricks_61,chipped:weathered_bricks
chipped:bricks_62,chipped:massive_bricks_bricks
chipped:bricks_63,chipped:curly_bricks_pillar
chipped:bricks_64,chipped:fine_bricks_pillar
chipped:bricks_65,chipped:polished_bricks
chipped:bricks_66,chipped:polished_bricks
chipped:bricks_67,chipped:polished_bricks
chipped:bricks_68,chipped:polished_bricks
chipped:bricks_69,chipped:polished_bricks
chipped:bricks_70, chipped:polished_bricks
chipped:bricks_71, chipped:tiny_brick_bordered_bricks
chipped:bricks_72, chipped:engraved_bricks
chipped:bricks_73, chipped:bricks_pillar_top
chipped:bricks_74, chipped:unamused_bricks
chipped:bricks_75, chipped:thick_inlayed_bricks
chipped:bricks_76, chipped:rough_bricks
chipped:bricks_77, chipped:layed_bricks_bricks
chipped:bricks_78, chipped:pillar_bricks_bricks
chipped:bricks_79, chipped:tiny_layered_bricks_bricks
chipped:bricks_80, chipped:spider_bricks_carving
chipped:bricks_81, chipped:duh_bricks
chipped:bricks_82, chipped:brick_bordered_bricks
chipped:bricks_83, chipped:offset_bricks_bricks
chipped:bricks_84, chipped:bricks_bricks
chipped:bricks_85, chipped:bricks_mini_tiles
chipped:bricks_86, chipped:sad_bricks
chipped:bricks_87, chipped:crying_bricks
chipped:bricks_88, chipped:cut_blank_bricks
chipped:bricks_89, chipped:glad_bricks
chipped:bricks_90, chipped:cobbled_bricks
chipped:bricks_91, chipped:edged_bricks_bricks
chipped:bricks_92, chipped:creeper_bricks_carving
chipped:bricks_93, chipped:eroded_bricks
chipped:bricks_94, chipped:etched_bricks_bricks
chipped:bricks_95, chipped:flat_bricks_tiles
chipped:bricks_96, chipped:inlayed_bricks
chipped:bricks_97, chipped:inscribed_bricks
chipped:bricks_98, chipped:bordered_bricks
chipped:bricks_99, chipped:loded_bricks
chipped:bricks_100, chipped:polished_bricks
chipped:bricks_101, chipped:tiny_brick_bordered_bricks
chipped:bricks_102, chipped:engraved_bricks
chipped:bricks_103, chipped:bricks_pillar_top
chipped:bricks_104, chipped:unamused_bricks
chipped:bricks_105, chipped:thick_inlayed_bricks
chipped:bricks_106, chipped:rough_bricks
chipped:bricks_107, chipped:layed_bricks_bricks
chipped:bricks_108, chipped:pillar_bricks_bricks
chipped:bricks_109, chipped:tiny_layered_bricks_bricks
chipped:bricks_110, chipped:spider_bricks_carving
chipped:bricks_111, chipped:duh_bricks
chipped:bricks_112, chipped:brick_bordered_bricks
chipped:bricks_113, chipped:offset_bricks_bricks
chipped:bricks_114, chipped:bricks_bricks
chipped:bricks_115, chipped:bricks_mini_tiles
chipped:bricks_116, chipped:sad_bricks
chipped:bricks_117, chipped:crying_bricks
chipped:bricks_118, chipped:cut_blank_bricks
chipped:bricks_119, chipped:glad_bricks
chipped:bricks_120, chipped:cobbled_bricks
chipped:bricks_121, chipped:edged_bricks_bricks
chipped:bricks_122, chipped:creeper_bricks_carving
chipped:bricks_123, chipped:eroded_bricks
chipped:bricks_124, chipped:etched_bricks_bricks
chipped:bricks_125, chipped:flat_bricks_tiles
chipped:bricks_126, chipped:inlayed_bricks
chipped:bricks_127, chipped:inscribed_bricks
chipped:bricks_128, chipped:bordered_bricks
chipped:bricks_129, chipped:loded_bricks
chipped:bricks_130, chipped:cracked_disordered_bricks_bricks
chipped:bricks_131, chipped:overlapping_bricks_tiles
chipped:bricks_132, chipped:cracked_bricks_bricks
chipped:bricks_133, chipped:cracked_flat_bricks_tiles