chipped:brown_concrete_1,chipped:grid_brown_concrete
chipped:brown_concrete_2,chipped:brown_concrete_bricks
chipped:brown_concrete_3,chipped:brown_concrete_tiles
chipped:brown_concrete_4,chipped:stacked_brown_concrete
chipped:brown_concrete_5,chipped:smooth_brown_concrete
chipped:brown_concrete_6,chipped:pegged_brown_concrete
chipped:brown_concrete_7,chipped:brown_concrete_panel
chipped:brown_concrete_8,chipped:creeper_brown_concrete
chipped:brown_concrete_9,chipped:warning_brown_concrete
chipped:brown_concrete_10,chipped:hazard_brown_concrete
chipped:brown_concrete_11,chipped:rusted_brown_concrete
chipped:brown_concrete_12,chipped:reinforced_brown_concrete
chipped:brown_concrete_13,chipped:bolted_brown_concrete
chipped:brown_concrete_14,chipped:railed_brown_concrete
chipped:brown_concrete_15,chipped:grill_brown_concrete
chipped:brown_concrete_16,chipped:wired_brown_concrete
chipped:brown_concrete_17,chipped:stop_brown_concrete
chipped:brown_concrete_18,chipped:mosaic_brown_concrete
chipped:brown_concrete_19,chipped:striped_brown_concrete
chipped:brown_concrete_20,chipped:smooth_brown_concrete
chipped:brown_concrete_21,chipped:framed_brown_concrete