chipped:calcite_1,chipped:polished_calcite
chipped:calcite_2,chipped:tiny_brick_bordered_calcite
chipped:calcite_3,chipped:engraved_calcite
chipped:calcite_4,chipped:calcite_pillar_top
chipped:calcite_5,chipped:unamused_calcite
chipped:calcite_6,chipped:thick_inlayed_calcite
chipped:calcite_7,chipped:rough_calcite
chipped:calcite_8,chipped:layed_calcite_bricks
chipped:calcite_9,chipped:pillar_calcite_bricks
chipped:calcite_10,chipped:tiny_layered_calcite_bricks
chipped:calcite_11,chipped:spider_calcite_carving
chipped:calcite_12,chipped:duh_calcite
chipped:calcite_13,chipped:brick_bordered_calcite
chipped:calcite_14,chipped:offset_calcite_bricks
chipped:calcite_15,chipped:calcite_bricks
chipped:calcite_16,chipped:calcite_mini_tiles
chipped:calcite_17,chipped:sad_calcite
chipped:calcite_18,chipped:crying_calcite
chipped:calcite_19,chipped:cut_blank_calcite
chipped:calcite_20,chipped:glad_calcite
chipped:calcite_21,chipped:cobbled_calcite
chipped:calcite_22,chipped:edged_calcite_bricks
chipped:calcite_23,chipped:creeper_calcite_carving
chipped:calcite_24,chipped:eroded_calcite
chipped:calcite_25,chipped:etched_calcite_bricks
chipped:calcite_26,chipped:flat_calcite_tiles
chipped:calcite_27,chipped:inlayed_calcite
chipped:calcite_28,chipped:inscribed_calcite
chipped:calcite_29,chipped:bordered_calcite
chipped:calcite_30,chipped:loded_calcite
chipped:calcite_31,chipped:cracked_disordered_calcite_bricks
chipped:calcite_32,chipped:overlapping_calcite_tiles
chipped:calcite_33,chipped:cracked_calcite_bricks
chipped:calcite_34,chipped:cracked_flat_calcite_tiles
chipped:calcite_35,chipped:prismal_calcite_remnants
chipped:calcite_36,chipped:blank_calcite_carving
chipped:calcite_37,chipped:rounded_calcite_bricks
chipped:calcite_38,chipped:runic_carved_calcite
chipped:calcite_39,chipped:cut_calcite_column
chipped:calcite_40,chipped:sanded_calcite
chipped:calcite_41,chipped:small_calcite_bricks
chipped:calcite_42,chipped:smooth_calcite_column
chipped:calcite_43,chipped:smooth_inlayed_calcite
chipped:calcite_44,chipped:smooth_ringed_calcite
chipped:calcite_45,chipped:smoothed_double_inlayed_calcite
chipped:calcite_46,chipped:checkered_calcite_tiles
chipped:calcite_47,chipped:spiraled_calcite
chipped:calcite_48,chipped:stacked_calcite_bricks
chipped:calcite_49,chipped:angry_calcite
chipped:calcite_50,chipped:tiled_calcite
chipped:calcite_51,chipped:tiled_calcite_column
chipped:calcite_52,chipped:tiled_bordered_calcite
chipped:calcite_53,chipped:tiny_calcite_bricks
chipped:calcite_54,chipped:carved_calcite
chipped:calcite_55,chipped:tiny_layered_calcite_slabs
chipped:calcite_56,chipped:simple_calcite_pillar
chipped:calcite_57,chipped:trodden_calcite
chipped:calcite_58,chipped:calcite_scales
chipped:calcite_59,chipped:vertical_cut_calcite
chipped:calcite_60,chipped:vertical_disordered_calcite_bricks
chipped:calcite_61,chipped:weathered_calcite
chipped:calcite_62,chipped:massive_calcite_bricks
chipped:calcite_63,chipped:curly_calcite_pillar
chipped:calcite_64,chipped:fine_calcite_pillar
chipped:calcite_65,
chipped:calcite_66,
chipped:calcite_67,
chipped:calcite_68,
chipped:calcite_69,