chipped:clay_1,chipped:polished_clay
chipped:clay_2,chipped:tiny_brick_bordered_clay
chipped:clay_3,chipped:engraved_clay
chipped:clay_4,chipped:clay_pillar_top
chipped:clay_5,chipped:unamused_clay
chipped:clay_6,chipped:thick_inlayed_clay
chipped:clay_7,chipped:rough_clay
chipped:clay_8,chipped:layed_clay_bricks
chipped:clay_9,chipped:pillar_clay_bricks
chipped:clay_10,chipped:tiny_layered_clay_bricks
chipped:clay_11,chipped:spider_clay_carving
chipped:clay_12,chipped:duh_clay
chipped:clay_13,chipped:brick_bordered_clay
chipped:clay_14,chipped:offset_clay_bricks
chipped:clay_15,chipped:clay_bricks
chipped:clay_16,chipped:clay_mini_tiles
chipped:clay_17,chipped:sad_clay
chipped:clay_18,chipped:crying_clay
chipped:clay_19,chipped:cut_blank_clay
chipped:clay_20,chipped:glad_clay
chipped:clay_21,chipped:cobbled_clay
chipped:clay_22,chipped:edged_clay_bricks
chipped:clay_23,chipped:creeper_clay_carving
chipped:clay_24,chipped:eroded_clay
chipped:clay_25,chipped:etched_clay_bricks
chipped:clay_26,chipped:flat_clay_tiles
chipped:clay_27,chipped:inlayed_clay
chipped:clay_28,chipped:inscribed_clay
chipped:clay_29,chipped:bordered_clay
chipped:clay_30,chipped:loded_clay
chipped:clay_31,chipped:cracked_disordered_clay_bricks
chipped:clay_32,chipped:overlapping_clay_tiles
chipped:clay_33,chipped:cracked_clay_bricks
chipped:clay_34,chipped:cracked_flat_clay_tiles
chipped:clay_35,chipped:prismal_clay_remnants
chipped:clay_36,chipped:blank_clay_carving
chipped:clay_37,chipped:rounded_clay_bricks
chipped:clay_38,chipped:runic_carved_clay
chipped:clay_39,chipped:cut_clay_column
chipped:clay_40,chipped:sanded_clay
chipped:clay_41,chipped:small_clay_bricks
chipped:clay_42,chipped:smooth_clay_column
chipped:clay_43,chipped:smooth_inlayed_clay
chipped:clay_44,chipped:smooth_ringed_clay
chipped:clay_45,chipped:smoothed_double_inlayed_clay
chipped:clay_46,chipped:checkered_clay_tiles
chipped:clay_47,chipped:spiraled_clay
chipped:clay_48,chipped:stacked_clay_bricks
chipped:clay_49,chipped:angry_clay
chipped:clay_50,chipped:tiled_clay
chipped:clay_51,chipped:tiled_clay_column
chipped:clay_52,chipped:tiled_bordered_clay
chipped:clay_53,chipped:tiny_clay_bricks
chipped:clay_54,chipped:carved_clay
chipped:clay_55,chipped:tiny_layered_clay_slabs
chipped:clay_56,chipped:simple_clay_pillar
chipped:clay_57,chipped:trodden_clay
chipped:clay_58,chipped:clay_scales
chipped:clay_59,chipped:vertical_cut_clay
chipped:clay_60,chipped:vertical_disordered_clay_bricks
chipped:clay_61,chipped:weathered_clay
chipped:clay_62,chipped:massive_clay_bricks
chipped:clay_63,chipped:curly_clay_pillar
chipped:clay_64,chipped:fine_clay_pillar
chipped:clay_65,
chipped:clay_66,
chipped:clay_67,