chipped:coal_block_1,chipped:polished_coal_block
chipped:coal_block_2,chipped:tiny_brick_bordered_coal_block
chipped:coal_block_3,chipped:engraved_coal_block
chipped:coal_block_4,chipped:coal_block_pillar_top
chipped:coal_block_5,chipped:unamused_coal_block
chipped:coal_block_6,chipped:thick_inlayed_coal_block
chipped:coal_block_7,chipped:rough_coal_block
chipped:coal_block_8,chipped:layed_coal_block_bricks
chipped:coal_block_9,chipped:pillar_coal_block_bricks
chipped:coal_block_10,chipped:tiny_layered_coal_block_bricks
chipped:coal_block_11,chipped:spider_coal_block_carving
chipped:coal_block_12,chipped:duh_coal_block
chipped:coal_block_13,chipped:brick_bordered_coal_block
chipped:coal_block_14,chipped:offset_coal_block_bricks
chipped:coal_block_15,chipped:coal_block_bricks
chipped:coal_block_16,chipped:coal_block_mini_tiles
chipped:coal_block_17,chipped:sad_coal_block
chipped:coal_block_18,chipped:crying_coal_block
chipped:coal_block_19,chipped:cut_blank_coal_block
chipped:coal_block_20,chipped:glad_coal_block
chipped:coal_block_21,chipped:cobbled_coal_block
chipped:coal_block_22,chipped:edged_coal_block_bricks
chipped:coal_block_23,chipped:creeper_coal_block_carving
chipped:coal_block_24,chipped:eroded_coal_block
chipped:coal_block_25,chipped:etched_coal_block_bricks
chipped:coal_block_26,chipped:flat_coal_block_tiles
chipped:coal_block_27,chipped:inlayed_coal_block
chipped:coal_block_28,chipped:inscribed_coal_block
chipped:coal_block_29,chipped:bordered_coal_block
chipped:coal_block_30,chipped:loded_coal_block
chipped:coal_block_31,chipped:cracked_disordered_coal_block_bricks
chipped:coal_block_32,chipped:overlapping_coal_block_tiles
chipped:coal_block_33,chipped:cracked_coal_block_bricks
chipped:coal_block_34,chipped:cracked_flat_coal_block_tiles
chipped:coal_block_35,chipped:prismal_coal_block_remnants
chipped:coal_block_36,chipped:blank_coal_block_carving
chipped:coal_block_37,chipped:rounded_coal_block_bricks
chipped:coal_block_38,chipped:runic_carved_coal_block
chipped:coal_block_39,chipped:cut_coal_block_column
chipped:coal_block_40,chipped:sanded_coal_block
chipped:coal_block_41,chipped:small_coal_block_bricks
chipped:coal_block_42,chipped:smooth_coal_block_column
chipped:coal_block_43,chipped:smooth_inlayed_coal_block
chipped:coal_block_44,chipped:smooth_ringed_coal_block
chipped:coal_block_45,chipped:smoothed_double_inlayed_coal_block
chipped:coal_block_46,chipped:checkered_coal_block_tiles
chipped:coal_block_47,chipped:spiraled_coal_block
chipped:coal_block_48,chipped:stacked_coal_block_bricks
chipped:coal_block_49,chipped:angry_coal_block
chipped:coal_block_50,chipped:tiled_coal_block
chipped:coal_block_51,chipped:tiled_coal_block_column
chipped:coal_block_52,chipped:tiled_bordered_coal_block
chipped:coal_block_53,chipped:tiny_coal_block_bricks
chipped:coal_block_54,chipped:carved_coal_block
chipped:coal_block_55,chipped:tiny_layered_coal_block_slabs
chipped:coal_block_56,chipped:simple_coal_block_pillar
chipped:coal_block_57,chipped:trodden_coal_block
chipped:coal_block_58,chipped:coal_block_scales
chipped:coal_block_59,chipped:vertical_cut_coal_block
chipped:coal_block_60,chipped:vertical_disordered_coal_block_bricks
chipped:coal_block_61,chipped:weathered_coal_block
chipped:coal_block_62,chipped:massive_coal_block_bricks
chipped:coal_block_63,chipped:curly_coal_block_pillar
chipped:coal_block_64,chipped:fine_coal_block_pillar
chipped:coal_block_65,
chipped:coal_block_66,
chipped:coal_block_67,
chipped:coal_block_68,
chipped:coal_block_69,