chipped:cyan_concrete_1,chipped:grid_cyan_concrete
chipped:cyan_concrete_2,chipped:cyan_concrete_bricks
chipped:cyan_concrete_3,chipped:cyan_concrete_tiles
chipped:cyan_concrete_4,chipped:stacked_cyan_concrete
chipped:cyan_concrete_5,chipped:smooth_cyan_concrete
chipped:cyan_concrete_6,chipped:pegged_cyan_concrete
chipped:cyan_concrete_7,chipped:cyan_concrete_panel
chipped:cyan_concrete_8,chipped:creeper_cyan_concrete
chipped:cyan_concrete_9,chipped:warning_cyan_concrete
chipped:cyan_concrete_10,chipped:hazard_cyan_concrete
chipped:cyan_concrete_11,chipped:rusted_cyan_concrete
chipped:cyan_concrete_12,chipped:reinforced_cyan_concrete
chipped:cyan_concrete_13,chipped:bolted_cyan_concrete
chipped:cyan_concrete_14,chipped:railed_cyan_concrete
chipped:cyan_concrete_15,chipped:grill_cyan_concrete
chipped:cyan_concrete_16,chipped:wired_cyan_concrete
chipped:cyan_concrete_17,chipped:stop_cyan_concrete
chipped:cyan_concrete_18,chipped:mosaic_cyan_concrete
chipped:cyan_concrete_19,chipped:striped_cyan_concrete
chipped:cyan_concrete_20,chipped:smooth_cyan_concrete
chipped:cyan_concrete_21,chipped:framed_cyan_concrete