chipped:dark_oak_planks_1,chipped:stacked_dark_oak_planks
chipped:dark_oak_planks_2,chipped:hewn_dark_oak_planks
chipped:dark_oak_planks_3,chipped:vertically_railed_dark_oak_planks
chipped:dark_oak_planks_5,chipped:detailed_dark_oak_planks
chipped:dark_oak_planks_6,chipped:bricky_dark_oak_planks
chipped:dark_oak_planks_8,chipped:wickered_dark_oak_planks
chipped:dark_oak_planks_9,chipped:shifted_dark_oak_planks
chipped:dark_oak_planks_10,chipped:thin_dark_oak_planks
chipped:dark_oak_planks_12,chipped:boxed_dark_oak_planks
chipped:dark_oak_planks_14,chipped:polished_dark_oak_planks
chipped:dark_oak_planks_15,chipped:vertical_dark_oak_planks
chipped:dark_oak_planks_16,chipped:dark_oak_planks_panel
chipped:dark_oak_planks_16,chipped:cornered_dark_oak_planks
chipped:dark_oak_planks_16,chipped:crated_dark_oak_planks
chipped:dark_oak_planks_16,chipped:enclosed_dark_oak_planks
chipped:dark_oak_planks_16,chipped:framed_dark_oak_planks
chipped:dark_oak_planks_16,chipped:natural_dark_oak_planks
chipped:dark_oak_planks_16,chipped:pegged_dark_oak_planks
chipped:dark_oak_planks_16,chipped:smooth_dark_oak_planks
chipped:dark_oak_planks_16,chipped:whirlwind_dark_oak_planks
chipped:dark_oak_planks_17,chipped:diagonal_dark_oak_planks
chipped:dark_oak_planks_18,chipped:basket_woven_dark_oak_planks
chipped:dark_oak_planks_19,chipped:dark_oak_planks_shavings
chipped:dark_oak_planks_20,chipped:railed_dark_oak_planks
chipped:dark_oak_planks_21,chipped:dark_oak_planks_mosaic
chipped:dark_oak_planks_23,chipped:brick_bond_dark_oak_planks
chipped:dark_oak_planks_24,chipped:cross_laced_dark_oak_planks
chipped:dark_oak_planks_25,chipped:crossed_dark_oak_planks
chipped:dark_oak_planks_26,chipped:diamond_dark_oak_planks
chipped:dark_oak_planks_27,chipped:double_herringbone_dark_oak_planks
chipped:dark_oak_planks_28,chipped:fine_dark_oak_planks
chipped:dark_oak_planks_29,chipped:fine_vertical_dark_oak_planks
chipped:dark_oak_planks_30,chipped:herringbone_dark_oak_planks
chipped:dark_oak_planks_31,chipped:laced_dark_oak_planks
chipped:dark_oak_planks_32,chipped:nailed_dark_oak_planks
chipped:dark_oak_planks_35,chipped:slanted_dark_oak_planks
chipped:dark_oak_planks_36,chipped:tiled_dark_oak_planks
chipped:dark_oak_planks_37,chipped:versailles_dark_oak_planks