chipped:diorite_1,chipped:polished_diorite
chipped:diorite_2,chipped:tiny_brick_bordered_diorite
chipped:diorite_3,chipped:engraved_diorite
chipped:diorite_4,chipped:diorite_pillar_top
chipped:diorite_5,chipped:unamused_diorite
chipped:diorite_6,chipped:thick_inlayed_diorite
chipped:diorite_7,chipped:rough_diorite
chipped:diorite_8,chipped:layed_diorite_bricks
chipped:diorite_9,chipped:pillar_diorite_bricks
chipped:diorite_10,chipped:tiny_layered_diorite_bricks
chipped:diorite_11,chipped:spider_diorite_carving
chipped:diorite_12,chipped:duh_diorite
chipped:diorite_13,chipped:brick_bordered_diorite
chipped:diorite_14,chipped:offset_diorite_bricks
chipped:diorite_15,chipped:diorite_bricks
chipped:diorite_16,chipped:diorite_mini_tiles
chipped:diorite_17,chipped:sad_diorite
chipped:diorite_18,chipped:crying_diorite
chipped:diorite_19,chipped:cut_blank_diorite
chipped:diorite_20,chipped:glad_diorite
chipped:diorite_21,chipped:cobbled_diorite
chipped:diorite_22,chipped:edged_diorite_bricks
chipped:diorite_23,chipped:creeper_diorite_carving
chipped:diorite_24,chipped:eroded_diorite
chipped:diorite_25,chipped:etched_diorite_bricks
chipped:diorite_26,chipped:flat_diorite_tiles
chipped:diorite_27,chipped:inlayed_diorite
chipped:diorite_28,chipped:inscribed_diorite
chipped:diorite_29,chipped:bordered_diorite
chipped:diorite_30,chipped:loded_diorite
chipped:diorite_31,chipped:cracked_disordered_diorite_bricks
chipped:diorite_32,chipped:overlapping_diorite_tiles
chipped:diorite_33,chipped:cracked_diorite_bricks
chipped:diorite_34,chipped:cracked_flat_diorite_tiles
chipped:diorite_35,chipped:prismal_diorite_remnants
chipped:diorite_36,chipped:blank_diorite_carving
chipped:diorite_37,chipped:rounded_diorite_bricks
chipped:diorite_38,chipped:runic_carved_diorite
chipped:diorite_39,chipped:cut_diorite_column
chipped:diorite_40,chipped:sanded_diorite
chipped:diorite_41,chipped:small_diorite_bricks
chipped:diorite_42,chipped:smooth_diorite_column
chipped:diorite_43,chipped:smooth_inlayed_diorite
chipped:diorite_44,chipped:smooth_ringed_diorite
chipped:diorite_45,chipped:smoothed_double_inlayed_diorite
chipped:diorite_46,chipped:checkered_diorite_tiles
chipped:diorite_47,chipped:spiraled_diorite
chipped:diorite_48,chipped:stacked_diorite_bricks
chipped:diorite_49,chipped:angry_diorite
chipped:diorite_50,chipped:tiled_diorite
chipped:diorite_51,chipped:tiled_diorite_column
chipped:diorite_52,chipped:tiled_bordered_diorite
chipped:diorite_53,chipped:tiny_diorite_bricks
chipped:diorite_54,chipped:carved_diorite
chipped:diorite_55,chipped:tiny_layered_diorite_slabs
chipped:diorite_56,chipped:simple_diorite_pillar
chipped:diorite_57,chipped:trodden_diorite
chipped:diorite_58,chipped:diorite_scales
chipped:diorite_59,chipped:vertical_cut_diorite
chipped:diorite_60,chipped:vertical_disordered_diorite_bricks
chipped:diorite_61,chipped:weathered_diorite
chipped:diorite_62,chipped:massive_diorite_bricks
chipped:diorite_63,chipped:curly_diorite_pillar
chipped:diorite_64,chipped:fine_diorite_pillar
chipped:diorite_65,
chipped:diorite_66,
chipped:diorite_67,
chipped:diorite_68,
chipped:diorite_69,