chipped:end_stone_1,chipped:polished_end_stone
chipped:end_stone_2,chipped:tiny_brick_bordered_end_stone
chipped:end_stone_3,chipped:engraved_end_stone
chipped:end_stone_4,chipped:end_stone_pillar_top
chipped:end_stone_5,chipped:unamused_end_stone
chipped:end_stone_6,chipped:thick_inlayed_end_stone
chipped:end_stone_7,chipped:rough_end_stone
chipped:end_stone_8,chipped:layed_end_stone_bricks
chipped:end_stone_9,chipped:pillar_end_stone_bricks
chipped:end_stone_10,chipped:tiny_layered_end_stone_bricks
chipped:end_stone_11,chipped:spider_end_stone_carving
chipped:end_stone_12,chipped:duh_end_stone
chipped:end_stone_13,chipped:brick_bordered_end_stone
chipped:end_stone_14,chipped:offset_end_stone_bricks
chipped:end_stone_15,chipped:end_stone_bricks
chipped:end_stone_16,chipped:end_stone_mini_tiles
chipped:end_stone_17,chipped:sad_end_stone
chipped:end_stone_18,chipped:crying_end_stone
chipped:end_stone_19,chipped:cut_blank_end_stone
chipped:end_stone_20,chipped:glad_end_stone
chipped:end_stone_21,chipped:cobbled_end_stone
chipped:end_stone_22,chipped:edged_end_stone_bricks
chipped:end_stone_23,chipped:creeper_end_stone_carving
chipped:end_stone_24,chipped:eroded_end_stone
chipped:end_stone_25,chipped:etched_end_stone_bricks
chipped:end_stone_26,chipped:flat_end_stone_tiles
chipped:end_stone_27,chipped:inlayed_end_stone
chipped:end_stone_28,chipped:inscribed_end_stone
chipped:end_stone_29,chipped:bordered_end_stone
chipped:end_stone_30,chipped:loded_end_stone
chipped:end_stone_31,chipped:cracked_disordered_end_stone_bricks
chipped:end_stone_32,chipped:overlapping_end_stone_tiles
chipped:end_stone_33,chipped:cracked_end_stone_bricks
chipped:end_stone_34,chipped:cracked_flat_end_stone_tiles
chipped:end_stone_35,chipped:prismal_end_stone_remnants
chipped:end_stone_36,chipped:blank_end_stone_carving
chipped:end_stone_37,chipped:rounded_end_stone_bricks
chipped:end_stone_38,chipped:runic_carved_end_stone
chipped:end_stone_39,chipped:cut_end_stone_column
chipped:end_stone_40,chipped:sanded_end_stone
chipped:end_stone_41,chipped:small_end_stone_bricks
chipped:end_stone_42,chipped:smooth_end_stone_column
chipped:end_stone_43,chipped:smooth_inlayed_end_stone
chipped:end_stone_44,chipped:smooth_ringed_end_stone
chipped:end_stone_45,chipped:smoothed_double_inlayed_end_stone
chipped:end_stone_46,chipped:checkered_end_stone_tiles
chipped:end_stone_47,chipped:spiraled_end_stone
chipped:end_stone_48,chipped:stacked_end_stone_bricks
chipped:end_stone_49,chipped:angry_end_stone
chipped:end_stone_50,chipped:tiled_end_stone
chipped:end_stone_51,chipped:tiled_end_stone_column
chipped:end_stone_52,chipped:tiled_bordered_end_stone
chipped:end_stone_53,chipped:tiny_end_stone_bricks
chipped:end_stone_54,chipped:carved_end_stone
chipped:end_stone_55,chipped:tiny_layered_end_stone_slabs
chipped:end_stone_56,chipped:simple_end_stone_pillar
chipped:end_stone_57,chipped:trodden_end_stone
chipped:end_stone_58,chipped:end_stone_scales
chipped:end_stone_59,chipped:vertical_cut_end_stone
chipped:end_stone_60,chipped:vertical_disordered_end_stone_bricks
chipped:end_stone_61,chipped:weathered_end_stone
chipped:end_stone_62,chipped:massive_end_stone_bricks
chipped:end_stone_63,chipped:curly_end_stone_pillar
chipped:end_stone_64,chipped:fine_end_stone_pillar
chipped:end_stone_65,
chipped:end_stone_66,
chipped:end_stone_67,
chipped:end_stone_68,
chipped:end_stone_69,