chipped:gilded_blackstone_1,chipped:polished_gilded_blackstone
chipped:gilded_blackstone_2,chipped:tiny_brick_bordered_gilded_blackstone
chipped:gilded_blackstone_3,chipped:engraved_gilded_blackstone
chipped:gilded_blackstone_4,chipped:gilded_blackstone_pillar_top
chipped:gilded_blackstone_5,chipped:unamused_gilded_blackstone
chipped:gilded_blackstone_6,chipped:thick_inlayed_gilded_blackstone
chipped:gilded_blackstone_7,chipped:rough_gilded_blackstone
chipped:gilded_blackstone_8,chipped:layed_gilded_blackstone_bricks
chipped:gilded_blackstone_9,chipped:pillar_gilded_blackstone_bricks
chipped:gilded_blackstone_10,chipped:tiny_layered_gilded_blackstone_bricks
chipped:gilded_blackstone_11,chipped:spider_gilded_blackstone_carving
chipped:gilded_blackstone_12,chipped:duh_gilded_blackstone
chipped:gilded_blackstone_13,chipped:brick_bordered_gilded_blackstone
chipped:gilded_blackstone_14,chipped:offset_gilded_blackstone_bricks
chipped:gilded_blackstone_15,chipped:gilded_blackstone_bricks
chipped:gilded_blackstone_16,chipped:gilded_blackstone_mini_tiles
chipped:gilded_blackstone_17,chipped:sad_gilded_blackstone
chipped:gilded_blackstone_18,chipped:crying_gilded_blackstone
chipped:gilded_blackstone_19,chipped:cut_blank_gilded_blackstone
chipped:gilded_blackstone_20,chipped:glad_gilded_blackstone
chipped:gilded_blackstone_21,chipped:cobbled_gilded_blackstone
chipped:gilded_blackstone_22,chipped:edged_gilded_blackstone_bricks
chipped:gilded_blackstone_23,chipped:creeper_gilded_blackstone_carving
chipped:gilded_blackstone_24,chipped:eroded_gilded_blackstone
chipped:gilded_blackstone_25,chipped:etched_gilded_blackstone_bricks
chipped:gilded_blackstone_26,chipped:flat_gilded_blackstone_tiles
chipped:gilded_blackstone_27,chipped:inlayed_gilded_blackstone
chipped:gilded_blackstone_28,chipped:inscribed_gilded_blackstone
chipped:gilded_blackstone_29,chipped:bordered_gilded_blackstone
chipped:gilded_blackstone_30,chipped:loded_gilded_blackstone
chipped:gilded_blackstone_31,chipped:cracked_disordered_gilded_blackstone_bricks
chipped:gilded_blackstone_32,chipped:overlapping_gilded_blackstone_tiles
chipped:gilded_blackstone_33,chipped:cracked_gilded_blackstone_bricks
chipped:gilded_blackstone_34,chipped:cracked_flat_gilded_blackstone_tiles
chipped:gilded_blackstone_35,chipped:prismal_gilded_blackstone_remnants
chipped:gilded_blackstone_36,chipped:blank_gilded_blackstone_carving
chipped:gilded_blackstone_37,chipped:rounded_gilded_blackstone_bricks
chipped:gilded_blackstone_38,chipped:runic_carved_gilded_blackstone
chipped:gilded_blackstone_39,chipped:cut_gilded_blackstone_column
chipped:gilded_blackstone_40,chipped:sanded_gilded_blackstone
chipped:gilded_blackstone_41,chipped:small_gilded_blackstone_bricks
chipped:gilded_blackstone_42,chipped:smooth_gilded_blackstone_column
chipped:gilded_blackstone_43,chipped:smooth_inlayed_gilded_blackstone
chipped:gilded_blackstone_44,chipped:smooth_ringed_gilded_blackstone
chipped:gilded_blackstone_45,chipped:smoothed_double_inlayed_gilded_blackstone
chipped:gilded_blackstone_46,chipped:checkered_gilded_blackstone_tiles
chipped:gilded_blackstone_47,chipped:spiraled_gilded_blackstone
chipped:gilded_blackstone_48,chipped:stacked_gilded_blackstone_bricks
chipped:gilded_blackstone_49,chipped:angry_gilded_blackstone
chipped:gilded_blackstone_50,chipped:tiled_gilded_blackstone
chipped:gilded_blackstone_51,chipped:tiled_gilded_blackstone_column
chipped:gilded_blackstone_52,chipped:tiled_bordered_gilded_blackstone
chipped:gilded_blackstone_53,chipped:tiny_gilded_blackstone_bricks
chipped:gilded_blackstone_54,chipped:carved_gilded_blackstone
chipped:gilded_blackstone_55,chipped:tiny_layered_gilded_blackstone_slabs
chipped:gilded_blackstone_56,chipped:simple_gilded_blackstone_pillar
chipped:gilded_blackstone_57,chipped:trodden_gilded_blackstone
chipped:gilded_blackstone_58,chipped:gilded_blackstone_scales
chipped:gilded_blackstone_59,chipped:vertical_cut_gilded_blackstone
chipped:gilded_blackstone_60,chipped:vertical_disordered_gilded_blackstone_bricks
chipped:gilded_blackstone_61,chipped:weathered_gilded_blackstone
chipped:gilded_blackstone_62,chipped:massive_gilded_blackstone_bricks
chipped:gilded_blackstone_63,chipped:curly_gilded_blackstone_pillar
chipped:gilded_blackstone_64,chipped:fine_gilded_blackstone_pillar
chipped:gilded_blackstone_65,
chipped:gilded_blackstone_66,
chipped:gilded_blackstone_67,
chipped:gilded_blackstone_68,
chipped:gilded_blackstone_69,