chipped:glass_1,chipped:oak_woven_glass
chipped:glass_1,chipped:square_oak_glass
chipped:glass_2,chipped:vertical_leaded_glass
chipped:glass_3,chipped:oak_bared_glass
chipped:glass_4,chipped:square_leaded_glass
chipped:glass_5,chipped:arched_leaded_glass_pillar
chipped:glass_6,chipped:lead_woven_glass
chipped:glass_7,chipped:oak_large_diamond_glass
chipped:glass_8,chipped:small_diamond_leaded_glass
chipped:glass_9,chipped:circle_oak_glass
chipped:glass_10,chipped:oak_horizontal_lined_glass
chipped:glass_11,chipped:clear_leaded_glass
chipped:glass_12,chipped:oak_snowflake_glass
chipped:glass_13,chipped:fancy_leaded_glass
chipped:glass_14,chipped:ornate_leaded_glass
chipped:glass_15,chipped:large_diamond_leaded_glass
chipped:glass_16,chipped:oak_ornate_bared_glass
chipped:glass_17,chipped:oak_bordered_glass
chipped:glass_18,chipped:oak_diamond_bordered_glass
chipped:glass_19,chipped:raster_leaded_glass
chipped:glass_20,chipped:oak_line_bared_glass
chipped:glass_21,chipped:oak_woven_glass
chipped:glass_22,chipped:square_oak_glass
chipped:glass_23,chipped:vertical_leaded_glass
chipped:glass_24,chipped:oak_bared_glass
chipped:glass_25,chipped:square_leaded_glass
chipped:glass_26,chipped:arched_leaded_glass_pillar
chipped:glass_27,chipped:lead_woven_glass
chipped:glass_28,chipped:oak_large_diamond_glass
chipped:glass_29,chipped:small_diamond_leaded_glass
chipped:glass_30,chipped:circle_oak_glass
chipped:glass_31,chipped:oak_horizontal_lined_glass
chipped:glass_32,chipped:clear_leaded_glass
chipped:glass_33,chipped:oak_snowflake_glass
chipped:glass_34,chipped:fancy_leaded_glass
chipped:glass_35,chipped:ornate_leaded_glass
chipped:glass_36,chipped:large_diamond_leaded_glass
chipped:glass_37,chipped:oak_ornate_bared_glass
chipped:glass_38,chipped:oak_bordered_glass
chipped:glass_39,chipped:oak_diamond_bordered_glass
chipped:glass_40,chipped:raster_leaded_glass
chipped:glass_41,chipped:oak_line_bared_glass
chipped:glass_42,chipped:oak_woven_glass
chipped:glass_43,chipped:square_oak_glass
chipped:glass_44,chipped:vertical_leaded_glass
chipped:glass_45,chipped:oak_bared_glass
chipped:glass_46,chipped:square_leaded_glass
chipped:glass_47,chipped:arched_leaded_glass_pillar
chipped:glass_48,chipped:lead_woven_glass
chipped:glass_49,chipped:oak_large_diamond_glass
chipped:glass_50,chipped:small_diamond_leaded_glass
chipped:glass_51,chipped:circle_oak_glass
chipped:glass_52,chipped:oak_horizontal_lined_glass
chipped:glass_53,chipped:clear_leaded_glass
chipped:glass_54,chipped:oak_snowflake_glass
chipped:glass_55,chipped:fancy_leaded_glass
chipped:glass_56,chipped:ornate_leaded_glass
chipped:glass_57,chipped:large_diamond_leaded_glass
chipped:glass_58,chipped:oak_ornate_bared_glass
chipped:glass_59,chipped:oak_bordered_glass
chipped:glass_60,chipped:oak_diamond_bordered_glass
chipped:glass_61,chipped:raster_leaded_glass
chipped:glass_62,chipped:oak_line_bared_glass
chipped:glass_63,chipped:oak_woven_glass
chipped:glass_64,chipped:square_oak_glass
chipped:glass_65,chipped:vertical_leaded_glass
chipped:glass_66,chipped:oak_bared_glass
chipped:glass_70,chipped:square_leaded_glass
chipped:glass_71,chipped:arched_leaded_glass_pillar
chipped:glass_72,chipped:lead_woven_glass
chipped:glass_73,chipped:oak_large_diamond_glass
chipped:glass_74,chipped:small_diamond_leaded_glass
chipped:glass_75,chipped:circle_oak_glass
chipped:glass_76,chipped:oak_horizontal_lined_glass
chipped:glass_77,chipped:clear_leaded_glass
chipped:glass_78,chipped:oak_snowflake_glass
chipped:glass_79,chipped:fancy_leaded_glass
chipped:glass_80,chipped:ornate_leaded_glass
chipped:glass_81,chipped:large_diamond_leaded_glass
chipped:glass_82,chipped:oak_ornate_bared_glass
chipped:glass_83,chipped:oak_bordered_glass
chipped:glass_84,chipped:oak_diamond_bordered_glass
chipped:glass_85,chipped:raster_leaded_glass
chipped:glass_86,chipped:oak_line_bared_glass
chipped:glass_87,chipped:oak_woven_glass
chipped:glass_88,chipped:square_oak_glass
chipped:glass_89,chipped:vertical_leaded_glass
chipped:glass_90,chipped:oak_bared_glass
chipped:glass_91,chipped:square_leaded_glass
chipped:glass_92,chipped:arched_leaded_glass_pillar
chipped:glass_93,chipped:lead_woven_glass
chipped:glass_94,chipped:oak_large_diamond_glass
chipped:glass_95,chipped:small_diamond_leaded_glass
chipped:glass_96,chipped:circle_oak_glass
chipped:glass_97,chipped:oak_horizontal_lined_glass
chipped:glass_98,chipped:clear_leaded_glass
chipped:glass_99,chipped:oak_snowflake_glass
chipped:glass_100,chipped:fancy_leaded_glass