chipped:ice_1,chipped:polished_ice
chipped:ice_2,chipped:tiny_brick_bordered_ice
chipped:ice_3,chipped:engraved_ice
chipped:ice_4,chipped:ice_pillar_top
chipped:ice_5,chipped:unamused_ice
chipped:ice_6,chipped:thick_inlayed_ice
chipped:ice_7,chipped:rough_ice
chipped:ice_8,chipped:layed_ice_bricks
chipped:ice_9,chipped:pillar_ice_bricks
chipped:ice_10,chipped:tiny_layered_ice_bricks
chipped:ice_11,chipped:spider_ice_carving
chipped:ice_12,chipped:duh_ice
chipped:ice_13,chipped:brick_bordered_ice
chipped:ice_14,chipped:offset_ice_bricks
chipped:ice_15,chipped:ice_bricks
chipped:ice_16,chipped:ice_mini_tiles
chipped:ice_17,chipped:sad_ice
chipped:ice_18,chipped:crying_ice
chipped:ice_19,chipped:cut_blank_ice
chipped:ice_20,chipped:glad_ice
chipped:ice_21,chipped:cobbled_ice
chipped:ice_22,chipped:edged_ice_bricks
chipped:ice_23,chipped:creeper_ice_carving
chipped:ice_24,chipped:eroded_ice
chipped:ice_25,chipped:etched_ice_bricks
chipped:ice_26,chipped:flat_ice_tiles
chipped:ice_27,chipped:inlayed_ice
chipped:ice_28,chipped:inscribed_ice
chipped:ice_29,chipped:bordered_ice
chipped:ice_30,chipped:loded_ice
chipped:ice_31,chipped:cracked_disordered_ice_bricks
chipped:ice_32,chipped:overlapping_ice_tiles
chipped:ice_33,chipped:cracked_ice_bricks
chipped:ice_34,chipped:cracked_flat_ice_tiles
chipped:ice_35,chipped:prismal_ice_remnants
chipped:ice_36,chipped:blank_ice_carving
chipped:ice_37,chipped:rounded_ice_bricks
chipped:ice_38,chipped:runic_carved_ice
chipped:ice_39,chipped:cut_ice_column
chipped:ice_40,chipped:sanded_ice
chipped:ice_41,chipped:small_ice_bricks
chipped:ice_42,chipped:smooth_ice_column
chipped:ice_43,chipped:smooth_inlayed_ice
chipped:ice_44,chipped:smooth_ringed_ice
chipped:ice_45,chipped:smoothed_double_inlayed_ice
chipped:ice_46,chipped:checkered_ice_tiles
chipped:ice_47,chipped:spiraled_ice
chipped:ice_48,chipped:stacked_ice_bricks
chipped:ice_49,chipped:angry_ice
chipped:ice_50,chipped:tiled_ice
chipped:ice_51,chipped:tiled_ice_column
chipped:ice_52,chipped:tiled_bordered_ice
chipped:ice_53,chipped:tiny_ice_bricks
chipped:ice_54,chipped:carved_ice
chipped:ice_55,chipped:tiny_layered_ice_slabs
chipped:ice_56,chipped:simple_ice_pillar
chipped:ice_57,chipped:trodden_ice
chipped:ice_58,chipped:ice_scales
chipped:ice_59,chipped:vertical_cut_ice
chipped:ice_60,chipped:vertical_disordered_ice_bricks
chipped:ice_61,chipped:weathered_ice
chipped:ice_62,chipped:massive_ice_bricks
chipped:ice_63,chipped:curly_ice_pillar
chipped:ice_64,chipped:fine_ice_pillar
chipped:ice_65,
chipped:ice_66,
chipped:ice_67,
chipped:ice_68,
chipped:ice_69,