chipped:jungle_planks_1,chipped:stacked_jungle_planks
chipped:jungle_planks_2,chipped:hewn_jungle_planks
chipped:jungle_planks_3,chipped:vertically_railed_jungle_planks
chipped:jungle_planks_5,chipped:detailed_jungle_planks
chipped:jungle_planks_6,chipped:bricky_jungle_planks
chipped:jungle_planks_8,chipped:wickered_jungle_planks
chipped:jungle_planks_9,chipped:shifted_jungle_planks
chipped:jungle_planks_10,chipped:thin_jungle_planks
chipped:jungle_planks_12,chipped:boxed_jungle_planks
chipped:jungle_planks_14,chipped:polished_jungle_planks
chipped:jungle_planks_15,chipped:vertical_jungle_planks
chipped:jungle_planks_16,chipped:jungle_planks_panel
chipped:jungle_planks_16,chipped:cornered_jungle_planks
chipped:jungle_planks_16,chipped:crated_jungle_planks
chipped:jungle_planks_16,chipped:enclosed_jungle_planks
chipped:jungle_planks_16,chipped:framed_jungle_planks
chipped:jungle_planks_16,chipped:natural_jungle_planks
chipped:jungle_planks_16,chipped:pegged_jungle_planks
chipped:jungle_planks_16,chipped:smooth_jungle_planks
chipped:jungle_planks_16,chipped:whirlwind_jungle_planks
chipped:jungle_planks_17,chipped:diagonal_jungle_planks
chipped:jungle_planks_18,chipped:basket_woven_jungle_planks
chipped:jungle_planks_19,chipped:jungle_planks_shavings
chipped:jungle_planks_20,chipped:railed_jungle_planks
chipped:jungle_planks_21,chipped:jungle_planks_mosaic
chipped:jungle_planks_23,chipped:brick_bond_jungle_planks
chipped:jungle_planks_24,chipped:cross_laced_jungle_planks
chipped:jungle_planks_25,chipped:crossed_jungle_planks
chipped:jungle_planks_26,chipped:diamond_jungle_planks
chipped:jungle_planks_27,chipped:double_herringbone_jungle_planks
chipped:jungle_planks_28,chipped:fine_jungle_planks
chipped:jungle_planks_29,chipped:fine_vertical_jungle_planks
chipped:jungle_planks_30,chipped:herringbone_jungle_planks
chipped:jungle_planks_31,chipped:laced_jungle_planks
chipped:jungle_planks_32,chipped:nailed_jungle_planks
chipped:jungle_planks_35,chipped:slanted_jungle_planks
chipped:jungle_planks_36,chipped:tiled_jungle_planks
chipped:jungle_planks_37,chipped:versailles_jungle_planks