chipped:light_gray_concrete_1,chipped:grid_light_gray_concrete
chipped:light_gray_concrete_2,chipped:light_gray_concrete_bricks
chipped:light_gray_concrete_3,chipped:light_gray_concrete_tiles
chipped:light_gray_concrete_4,chipped:stacked_light_gray_concrete
chipped:light_gray_concrete_5,chipped:smooth_light_gray_concrete
chipped:light_gray_concrete_6,chipped:pegged_light_gray_concrete
chipped:light_gray_concrete_7,chipped:light_gray_concrete_panel
chipped:light_gray_concrete_8,chipped:creeper_light_gray_concrete
chipped:light_gray_concrete_9,chipped:warning_light_gray_concrete
chipped:light_gray_concrete_10,chipped:hazard_light_gray_concrete
chipped:light_gray_concrete_11,chipped:rusted_light_gray_concrete
chipped:light_gray_concrete_12,chipped:reinforced_light_gray_concrete
chipped:light_gray_concrete_13,chipped:bolted_light_gray_concrete
chipped:light_gray_concrete_14,chipped:railed_light_gray_concrete
chipped:light_gray_concrete_15,chipped:grill_light_gray_concrete
chipped:light_gray_concrete_16,chipped:wired_light_gray_concrete
chipped:light_gray_concrete_17,chipped:stop_light_gray_concrete
chipped:light_gray_concrete_18,chipped:mosaic_light_gray_concrete
chipped:light_gray_concrete_19,chipped:striped_light_gray_concrete
chipped:light_gray_concrete_20,chipped:smooth_light_gray_concrete
chipped:light_gray_concrete_21,chipped:framed_light_gray_concrete