chipped:red_nether_bricks_1,chipped:polished_red_nether_bricks
chipped:red_nether_bricks_2,chipped:tiny_brick_bordered_red_nether_bricks
chipped:red_nether_bricks_3,chipped:engraved_red_nether_bricks
chipped:red_nether_bricks_4,chipped:red_nether_bricks_pillar_top
chipped:red_nether_bricks_5,chipped:unamused_red_nether_bricks
chipped:red_nether_bricks_6,chipped:thick_inlayed_red_nether_bricks
chipped:red_nether_bricks_7,chipped:rough_red_nether_bricks
chipped:red_nether_bricks_8,chipped:layed_red_nether_bricks_bricks
chipped:red_nether_bricks_9,chipped:pillar_red_nether_bricks_bricks
chipped:red_nether_bricks_10,chipped:tiny_layered_red_nether_bricks_bricks
chipped:red_nether_bricks_11,chipped:spider_red_nether_bricks_carving
chipped:red_nether_bricks_12,chipped:duh_red_nether_bricks
chipped:red_nether_bricks_13,chipped:brick_bordered_red_nether_bricks
chipped:red_nether_bricks_14,chipped:offset_red_nether_bricks_bricks
chipped:red_nether_bricks_15,chipped:red_nether_bricks_bricks
chipped:red_nether_bricks_16,chipped:red_nether_bricks_mini_tiles
chipped:red_nether_bricks_17,chipped:sad_red_nether_bricks
chipped:red_nether_bricks_18,chipped:crying_red_nether_bricks
chipped:red_nether_bricks_19,chipped:cut_blank_red_nether_bricks
chipped:red_nether_bricks_20,chipped:glad_red_nether_bricks
chipped:red_nether_bricks_21,chipped:cobbled_red_nether_bricks
chipped:red_nether_bricks_22,chipped:edged_red_nether_bricks_bricks
chipped:red_nether_bricks_23,chipped:creeper_red_nether_bricks_carving
chipped:red_nether_bricks_24,chipped:eroded_red_nether_bricks
chipped:red_nether_bricks_25,chipped:etched_red_nether_bricks_bricks
chipped:red_nether_bricks_26,chipped:flat_red_nether_bricks_tiles
chipped:red_nether_bricks_27,chipped:inlayed_red_nether_bricks
chipped:red_nether_bricks_28,chipped:inscribed_red_nether_bricks
chipped:red_nether_bricks_29,chipped:bordered_red_nether_bricks
chipped:red_nether_bricks_30,chipped:loded_red_nether_bricks
chipped:red_nether_bricks_31,chipped:cracked_disordered_red_nether_bricks_bricks
chipped:red_nether_bricks_32,chipped:overlapping_red_nether_bricks_tiles
chipped:red_nether_bricks_33,chipped:cracked_red_nether_bricks_bricks
chipped:red_nether_bricks_34,chipped:cracked_flat_red_nether_bricks_tiles
chipped:red_nether_bricks_35,chipped:prismal_red_nether_bricks_remnants
chipped:red_nether_bricks_36,chipped:blank_red_nether_bricks_carving
chipped:red_nether_bricks_37,chipped:rounded_red_nether_bricks_bricks
chipped:red_nether_bricks_38,chipped:runic_carved_red_nether_bricks
chipped:red_nether_bricks_39,chipped:cut_red_nether_bricks_column
chipped:red_nether_bricks_40,chipped:sanded_red_nether_bricks
chipped:red_nether_bricks_41,chipped:small_red_nether_bricks_bricks
chipped:red_nether_bricks_42,chipped:smooth_red_nether_bricks_column
chipped:red_nether_bricks_43,chipped:smooth_inlayed_red_nether_bricks
chipped:red_nether_bricks_44,chipped:smooth_ringed_red_nether_bricks
chipped:red_nether_bricks_45,chipped:smoothed_double_inlayed_red_nether_bricks
chipped:red_nether_bricks_46,chipped:checkered_red_nether_bricks_tiles
chipped:red_nether_bricks_47,chipped:spiraled_red_nether_bricks
chipped:red_nether_bricks_48,chipped:stacked_red_nether_bricks_bricks
chipped:red_nether_bricks_49,chipped:angry_red_nether_bricks
chipped:red_nether_bricks_50,chipped:tiled_red_nether_bricks
chipped:red_nether_bricks_51,chipped:tiled_red_nether_bricks_column
chipped:red_nether_bricks_52,chipped:tiled_bordered_red_nether_bricks
chipped:red_nether_bricks_53,chipped:tiny_red_nether_bricks_bricks
chipped:red_nether_bricks_54,chipped:carved_red_nether_bricks
chipped:red_nether_bricks_55,chipped:tiny_layered_red_nether_bricks_slabs
chipped:red_nether_bricks_56,chipped:simple_red_nether_bricks_pillar
chipped:red_nether_bricks_57,chipped:trodden_red_nether_bricks
chipped:red_nether_bricks_58,chipped:red_nether_bricks_scales
chipped:red_nether_bricks_59,chipped:vertical_cut_red_nether_bricks
chipped:red_nether_bricks_60,chipped:vertical_disordered_red_nether_bricks_bricks
chipped:red_nether_bricks_61,chipped:weathered_red_nether_bricks
chipped:red_nether_bricks_62,chipped:massive_red_nether_bricks_bricks
chipped:red_nether_bricks_63,chipped:curly_red_nether_bricks_pillar
chipped:red_nether_bricks_64,chipped:fine_red_nether_bricks_pillar
chipped:red_nether_bricks_65,
chipped:red_nether_bricks_66,
chipped:red_nether_bricks_67,
chipped:red_nether_bricks_68,
chipped:red_nether_bricks_69,