chipped:red_concrete_1,chipped:grid_red_concrete
chipped:red_concrete_2,chipped:red_concrete_bricks
chipped:red_concrete_3,chipped:red_concrete_tiles
chipped:red_concrete_4,chipped:stacked_red_concrete
chipped:red_concrete_5,chipped:smooth_red_concrete
chipped:red_concrete_6,chipped:pegged_red_concrete
chipped:red_concrete_7,chipped:red_concrete_panel
chipped:red_concrete_8,chipped:creeper_red_concrete
chipped:red_concrete_9,chipped:warning_red_concrete
chipped:red_concrete_10,chipped:hazard_red_concrete
chipped:red_concrete_11,chipped:rusted_red_concrete
chipped:red_concrete_12,chipped:reinforced_red_concrete
chipped:red_concrete_13,chipped:bolted_red_concrete
chipped:red_concrete_14,chipped:railed_red_concrete
chipped:red_concrete_15,chipped:grill_red_concrete
chipped:red_concrete_16,chipped:wired_red_concrete
chipped:red_concrete_17,chipped:stop_red_concrete
chipped:red_concrete_18,chipped:mosaic_red_concrete
chipped:red_concrete_19,chipped:striped_red_concrete
chipped:red_concrete_20,chipped:smooth_red_concrete
chipped:red_concrete_21,chipped:framed_red_concrete