chipped:snow_block_1,chipped:polished_snow_block
chipped:snow_block_2,chipped:tiny_brick_bordered_snow_block
chipped:snow_block_3,chipped:engraved_snow_block
chipped:snow_block_4,chipped:snow_block_pillar_top
chipped:snow_block_5,chipped:unamused_snow_block
chipped:snow_block_6,chipped:thick_inlayed_snow_block
chipped:snow_block_7,chipped:rough_snow_block
chipped:snow_block_8,chipped:layed_snow_block_bricks
chipped:snow_block_9,chipped:pillar_snow_block_bricks
chipped:snow_block_10,chipped:tiny_layered_snow_block_bricks
chipped:snow_block_11,chipped:spider_snow_block_carving
chipped:snow_block_12,chipped:duh_snow_block
chipped:snow_block_13,chipped:brick_bordered_snow_block
chipped:snow_block_14,chipped:offset_snow_block_bricks
chipped:snow_block_15,chipped:snow_block_bricks
chipped:snow_block_16,chipped:snow_block_mini_tiles
chipped:snow_block_17,chipped:sad_snow_block
chipped:snow_block_18,chipped:crying_snow_block
chipped:snow_block_19,chipped:cut_blank_snow_block
chipped:snow_block_20,chipped:glad_snow_block
chipped:snow_block_21,chipped:cobbled_snow_block
chipped:snow_block_22,chipped:edged_snow_block_bricks
chipped:snow_block_23,chipped:creeper_snow_block_carving
chipped:snow_block_24,chipped:eroded_snow_block
chipped:snow_block_25,chipped:etched_snow_block_bricks
chipped:snow_block_26,chipped:flat_snow_block_tiles
chipped:snow_block_27,chipped:inlayed_snow_block
chipped:snow_block_28,chipped:inscribed_snow_block
chipped:snow_block_29,chipped:bordered_snow_block
chipped:snow_block_30,chipped:loded_snow_block
chipped:snow_block_31,chipped:cracked_disordered_snow_block_bricks
chipped:snow_block_32,chipped:overlapping_snow_block_tiles
chipped:snow_block_33,chipped:cracked_snow_block_bricks
chipped:snow_block_34,chipped:cracked_flat_snow_block_tiles
chipped:snow_block_35,chipped:prismal_snow_block_remnants
chipped:snow_block_36,chipped:blank_snow_block_carving
chipped:snow_block_37,chipped:rounded_snow_block_bricks
chipped:snow_block_38,chipped:runic_carved_snow_block
chipped:snow_block_39,chipped:cut_snow_block_column
chipped:snow_block_40,chipped:sanded_snow_block
chipped:snow_block_41,chipped:small_snow_block_bricks
chipped:snow_block_42,chipped:smooth_snow_block_column
chipped:snow_block_43,chipped:smooth_inlayed_snow_block
chipped:snow_block_44,chipped:smooth_ringed_snow_block
chipped:snow_block_45,chipped:smoothed_double_inlayed_snow_block
chipped:snow_block_46,chipped:checkered_snow_block_tiles
chipped:snow_block_47,chipped:spiraled_snow_block
chipped:snow_block_48,chipped:stacked_snow_block_bricks
chipped:snow_block_49,chipped:angry_snow_block
chipped:snow_block_50,chipped:tiled_snow_block
chipped:snow_block_51,chipped:tiled_snow_block_column
chipped:snow_block_52,chipped:tiled_bordered_snow_block
chipped:snow_block_53,chipped:tiny_snow_block_bricks
chipped:snow_block_54,chipped:carved_snow_block
chipped:snow_block_55,chipped:tiny_layered_snow_block_slabs
chipped:snow_block_56,chipped:simple_snow_block_pillar
chipped:snow_block_57,chipped:trodden_snow_block
chipped:snow_block_58,chipped:snow_block_scales
chipped:snow_block_59,chipped:vertical_cut_snow_block
chipped:snow_block_60,chipped:vertical_disordered_snow_block_bricks
chipped:snow_block_61,chipped:weathered_snow_block
chipped:snow_block_62,chipped:massive_snow_block_bricks
chipped:snow_block_63,chipped:curly_snow_block_pillar
chipped:snow_block_64,chipped:fine_snow_block_pillar
chipped:snow_block_65,
chipped:snow_block_66,
chipped:snow_block_67,
chipped:snow_block_68,
chipped:snow_block_69,