chipped:stone_1,chipped:polished_stone
chipped:stone_2,chipped:tiny_brick_bordered_stone
chipped:stone_3,chipped:engraved_stone
chipped:stone_4,chipped:stone_pillar_top
chipped:stone_5,chipped:unamused_stone
chipped:stone_6,chipped:thick_inlayed_stone
chipped:stone_7,chipped:rough_stone
chipped:stone_8,chipped:layed_stone_bricks
chipped:stone_9,chipped:pillar_stone_bricks
chipped:stone_10,chipped:tiny_layered_stone_bricks
chipped:stone_11,chipped:spider_stone_carving
chipped:stone_12,chipped:duh_stone
chipped:stone_13,chipped:brick_bordered_stone
chipped:stone_14,chipped:offset_stone_bricks
chipped:stone_15,chipped:stone_bricks
chipped:stone_16,chipped:stone_mini_tiles
chipped:stone_17,chipped:sad_stone
chipped:stone_18,chipped:crying_stone
chipped:stone_19,chipped:cut_blank_stone
chipped:stone_20,chipped:glad_stone
chipped:stone_21,chipped:cobbled_stone
chipped:stone_22,chipped:edged_stone_bricks
chipped:stone_23,chipped:creeper_stone_carving
chipped:stone_24,chipped:eroded_stone
chipped:stone_25,chipped:etched_stone_bricks
chipped:stone_26,chipped:flat_stone_tiles
chipped:stone_27,chipped:inlayed_stone
chipped:stone_28,chipped:inscribed_stone
chipped:stone_29,chipped:bordered_stone
chipped:stone_30,chipped:loded_stone
chipped:stone_31,chipped:cracked_disordered_stone_bricks
chipped:stone_32,chipped:overlapping_stone_tiles
chipped:stone_33,chipped:cracked_stone_bricks
chipped:stone_34,chipped:cracked_flat_stone_tiles
chipped:stone_35,chipped:prismal_stone_remnants
chipped:stone_36,chipped:blank_stone_carving
chipped:stone_37,chipped:rounded_stone_bricks
chipped:stone_38,chipped:runic_carved_stone
chipped:stone_39,chipped:cut_stone_column
chipped:stone_40,chipped:sanded_stone
chipped:stone_41,chipped:small_stone_bricks
chipped:stone_42,chipped:smooth_stone_column
chipped:stone_43,chipped:smooth_inlayed_stone
chipped:stone_44,chipped:smooth_ringed_stone
chipped:stone_45,chipped:smoothed_double_inlayed_stone
chipped:stone_46,chipped:checkered_stone_tiles
chipped:stone_47,chipped:spiraled_stone
chipped:stone_48,chipped:stacked_stone_bricks
chipped:stone_49,chipped:angry_stone
chipped:stone_50,chipped:tiled_stone
chipped:stone_51,chipped:tiled_stone_column
chipped:stone_52,chipped:tiled_bordered_stone
chipped:stone_53,chipped:tiny_stone_bricks
chipped:stone_54,chipped:carved_stone
chipped:stone_55,chipped:tiny_layered_stone_slabs
chipped:stone_56,chipped:simple_stone_pillar
chipped:stone_57,chipped:trodden_stone
chipped:stone_58,chipped:stone_scales
chipped:stone_59,chipped:vertical_cut_stone
chipped:stone_60,chipped:vertical_disordered_stone_bricks
chipped:stone_61,chipped:weathered_stone
chipped:stone_62,chipped:massive_stone_bricks
chipped:stone_63,chipped:curly_stone_pillar
chipped:stone_64,chipped:fine_stone_pillar
chipped:stone_65,
chipped:stone_66,
chipped:stone_67,
chipped:stone_68,
chipped:stone_69,